trial,testing,parameters,initial_deadline,final_deadline,net_reward,actions,success
1,False,"{'a': 0.5, 'e': 0.95}",20,0,-190.50478959422352,"{0: 9, 1: 0, 2: 8, 3: 0, 4: 3}",0
2,False,"{'a': 0.5, 'e': 0.8999999999999999}",25,0,-209.02072307969254,"{0: 7, 1: 0, 2: 17, 3: 0, 4: 1}",0
3,False,"{'a': 0.5, 'e': 0.8499999999999999}",20,0,-230.30160919873472,"{0: 8, 1: 0, 2: 8, 3: 0, 4: 4}",0
4,False,"{'a': 0.5, 'e': 0.7999999999999998}",25,0,-84.93806013578316,"{0: 17, 1: 0, 2: 7, 3: 0, 4: 1}",0
5,False,"{'a': 0.5, 'e': 0.7499999999999998}",20,0,-146.94866440697692,"{0: 11, 1: 0, 2: 6, 3: 1, 4: 2}",0
6,False,"{'a': 0.5, 'e': 0.6999999999999997}",20,0,-62.915078410461696,"{0: 12, 1: 2, 2: 5, 3: 1, 4: 0}",0
7,False,"{'a': 0.5, 'e': 0.6499999999999997}",25,0,-135.467443411548,"{0: 13, 1: 0, 2: 11, 3: 0, 4: 1}",0
8,False,"{'a': 0.5, 'e': 0.5999999999999996}",25,0,-179.19132253099036,"{0: 15, 1: 0, 2: 7, 3: 0, 4: 3}",0
9,False,"{'a': 0.5, 'e': 0.5499999999999996}",20,0,-102.52193948262115,"{0: 14, 1: 0, 2: 4, 3: 0, 4: 2}",0
